bin_id,osm_id,latitude,longitude,amenity,operator,capacity_liters,waste_type,current_fill_pct,fill_rate_pct_hr,dist_from_depot_km,calorific_value_hhv_mj_kg,recyclable_fraction_pct,time_to_overflow_hrs,urgency_index,recovery_index,cost_index,scps_score,zone_cluster
BIN_001,node/2726665528,28.530282,77.21876,waste_basket,MCD/NDMC,300,Mixed Municipal,32.2,2.89,4.193281998258577,14.83,29.0,23.5,0.328,0.461,0.455,0.211,3
BIN_002,node/3015900843,28.526233,77.156834,waste_basket,MCD/NDMC,300,Mixed Municipal,95.7,2.55,6.907897033842148,14.5,30.6,1.7,0.761,0.462,0.749,0.369,2
BIN_003,node/5236276162,28.563036,77.239303,waste_basket,MCD/NDMC,800,Organic/Wet,60.9,3.91,2.8989408777267855,10.86,6.8,10.0,0.565,0.265,0.314,0.299,3
BIN_004,node/5253725785,28.568453,77.164884,waste_basket,MCD/NDMC,500,Organic/Wet,48.6,3.88,4.408053901745194,11.72,6.4,13.2,0.478,0.282,0.478,0.228,1
BIN_005,node/5269022333,28.569404,77.164906,waste_basket,MCD/NDMC,500,Recyclable/Dry,23.6,3.48,4.410565954725923,19.5,79.3,22.0,0.289,0.812,0.478,0.292,1
BIN_006,node/5483331197,28.519823,77.215934,waste_disposal,MCD/NDMC,2500,Mixed Municipal,93.5,4.55,5.299932119880367,14.7,31.8,1.4,0.816,0.472,0.575,0.435,2
BIN_007,node/5483331221,28.519015,77.210681,waste_disposal,MCD/NDMC,2000,Mixed Municipal,73.4,4.89,5.358317856064336,15.02,29.6,5.4,0.688,0.468,0.581,0.368,2
BIN_008,node/5483331965,28.539712,77.234402,waste_disposal,MCD/NDMC,2500,Mixed Municipal,33.5,7.83,3.8759024751164413,14.71,34.1,8.5,0.513,0.484,0.42,0.318,3
BIN_009,node/5561734264,28.514886,77.22932,waste_disposal,MCD/NDMC,1500,Mixed Municipal,60.6,5.75,6.115464993993298,13.65,34.9,6.9,0.629,0.465,0.663,0.321,3
BIN_010,node/5586450404,28.531879,77.20408,waste_disposal,MCD/NDMC,2000,Mixed Municipal,55.1,7.87,3.969909397269733,14.42,25.5,5.7,0.666,0.435,0.431,0.377,2
BIN_011,node/5598792571,28.538602,77.198422,waste_disposal,MCD/NDMC,2000,Mixed Municipal,26.9,8.19,3.375034542007861,15.24,34.0,8.9,0.48,0.495,0.366,0.315,2
BIN_012,node/5606766736,28.509611,77.179508,waste_disposal,MCD/NDMC,2500,Mixed Municipal,78.3,7.88,7.062456020345152,14.3,39.4,2.8,0.829,0.502,0.766,0.412,2
BIN_013,node/5630006581,28.528029,77.209852,waste_disposal,MCD/NDMC,2500,Mixed Municipal,62.3,5.62,4.355651612734883,15.07,30.4,6.7,0.636,0.473,0.472,0.365,2
BIN_014,node/5715391914,28.585842,77.218743,waste_basket,MCD/NDMC,300,Recyclable/Dry,35.5,3.93,2.2418800076669947,18.87,87.8,16.4,0.388,0.841,0.243,0.398,0
BIN_015,node/5715393722,28.58596,77.220091,waste_basket,MCD/NDMC,300,Recyclable/Dry,25.8,3.93,2.3070865465637116,22.03,83.1,18.9,0.32,0.885,0.25,0.376,0
BIN_016,node/5778513821,28.52558,77.263882,waste_disposal,MCD/NDMC,2500,Mixed Municipal,55.1,7.9,7.008349721745266,14.63,38.7,5.7,0.667,0.505,0.76,0.333,3
BIN_017,node/5783654368,28.560925,77.162008,waste_basket,MCD/NDMC,300,Organic/Wet,41.4,4.77,4.738611501399132,11.84,11.7,12.3,0.46,0.311,0.514,0.22,1
BIN_018,node/5790133229,28.585415,77.212262,waste_basket,MCD/NDMC,500,Organic/Wet,38.4,5.17,2.0373868198974794,12.44,13.5,11.9,0.453,0.332,0.221,0.282,0
BIN_019,node/5790139390,28.593264,77.223638,waste_basket,MCD/NDMC,300,Organic/Wet,35.7,4.32,3.1894376331688963,11.92,6.1,14.9,0.404,0.284,0.346,0.218,0
BIN_020,node/5790140394,28.584991,77.212232,waste_basket,MCD/NDMC,800,Organic/Wet,67.1,3.42,1.990205963285742,11.63,12.0,9.6,0.591,0.308,0.216,0.345,0
BIN_021,node/5799043065,28.521057,77.212869,waste_disposal,MCD/NDMC,2500,Mixed Municipal,42.6,4.81,5.138504973829915,14.89,28.4,11.9,0.469,0.459,0.557,0.261,2
BIN_022,node/5799044044,28.522652,77.214071,waste_disposal,MCD/NDMC,2000,Mixed Municipal,28.2,5.68,4.969425416912159,15.2,34.4,12.6,0.4,0.496,0.539,0.241,2
BIN_023,node/5804017980,28.524198,77.207108,waste_disposal,MCD/NDMC,2000,Mixed Municipal,47.8,4.99,4.789895013248305,15.21,29.9,10.5,0.512,0.473,0.52,0.294,2
BIN_024,node/5884780985,28.57188,77.172341,waste_disposal,MCD/NDMC,2000,Mixed Municipal,83.8,6.21,3.7142957358584923,13.28,28.4,2.6,0.808,0.425,0.403,0.451,1
BIN_025,node/5950266473,28.56572,77.160937,waste_disposal,MCD/NDMC,1500,Mixed Municipal,57.8,6.64,4.794288314613929,13.76,27.5,6.4,0.641,0.431,0.52,0.346,1
BIN_026,node/5950267739,28.567637,77.16077,waste_disposal,MCD/NDMC,1500,Mixed Municipal,45.2,8.27,4.807875788319329,13.3,30.1,6.6,0.611,0.434,0.521,0.331,1
BIN_027,node/5950267741,28.547066,77.229067,waste_disposal,MCD/NDMC,1500,Mixed Municipal,39.3,5.52,2.9120776685201037,14.01,26.0,11.0,0.472,0.428,0.316,0.301,3
BIN_028,node/5960737890,28.53091,77.21717,recycling,MCD/NDMC,1000,Recyclable/Dry,97.8,2.87,4.095573468301473,21.98,87.1,0.8,0.787,0.904,0.444,0.576,3
BIN_029,node/5964264470,28.522024,77.222565,waste_disposal,MCD/NDMC,2500,Mixed Municipal,41.7,4.71,5.171080929205573,14.52,32.5,12.4,0.46,0.472,0.561,0.259,3
BIN_030,node/5964272315,28.57327,77.24587,waste_disposal,MCD/NDMC,1500,Mixed Municipal,54.9,6.62,3.5673234574261157,14.59,35.2,6.8,0.62,0.487,0.387,0.379,3
BIN_031,node/5964272415,28.575102,77.243268,waste_disposal,MCD/NDMC,2000,Mixed Municipal,38.5,7.55,3.3655319808051685,13.61,35.1,8.1,0.538,0.465,0.365,0.336,0
BIN_032,node/6112993593,28.550391,77.252461,waste_disposal,MCD/NDMC,2500,Mixed Municipal,51.1,8.43,4.548714733014995,15.01,32.1,5.8,0.658,0.48,0.493,0.374,3
BIN_033,node/6112995940,28.564642,77.250337,waste_disposal,MCD/NDMC,2500,Mixed Municipal,34.5,5.78,3.94951668658669,13.23,37.5,11.3,0.447,0.469,0.428,0.279,3
BIN_034,node/6227942119,28.568064,77.249967,waste_disposal,MCD/NDMC,1500,Mixed Municipal,75.5,5.38,3.904252055489844,15.15,29.9,4.6,0.72,0.472,0.423,0.417,3
BIN_035,node/6261565904,28.536725,77.197449,waste_disposal,MCD/NDMC,2500,Mixed Municipal,73.9,5.2,3.6035239060723456,13.57,34.7,5.0,0.702,0.462,0.391,0.412,2
BIN_036,node/6265508688,28.52356,77.229492,waste_disposal,MCD/NDMC,2500,Mixed Municipal,28.9,5.86,5.212730091405774,15.34,27.1,12.1,0.411,0.462,0.565,0.231,3
BIN_037,node/6286535779,28.515397,77.197086,waste_basket,MCD/NDMC,800,Mixed Municipal,63.3,4.54,5.896748947507912,13.64,29.9,8.1,0.605,0.44,0.64,0.306,2
BIN_038,node/6404197724,28.592185,77.21279,waste_basket,MCD/NDMC,500,Organic/Wet,69.4,5.7,2.791542767197273,10.69,14.0,5.4,0.689,0.298,0.303,0.373,0
BIN_039,node/6411010197,28.529335,77.191074,waste_basket,MCD/NDMC,300,Organic/Wet,80.8,5.66,4.5983615949641985,11.95,14.0,3.4,0.767,0.324,0.499,0.381,2
BIN_040,node/6458623083,28.543475,77.251649,waste_basket,MCD/NDMC,500,Organic/Wet,20.7,4.82,4.84837273896964,10.82,14.0,16.5,0.316,0.3,0.526,0.143,3
BIN_041,node/6466146295,28.543625,77.205183,waste_basket,MCD/NDMC,300,Recyclable/Dry,74.0,3.37,2.663338292802187,18.53,72.9,7.7,0.638,0.759,0.289,0.489,2
BIN_042,node/6466155021,28.540022,77.186521,waste_disposal,MCD/NDMC,1500,Mixed Municipal,45.4,5.45,3.7935514975403226,13.56,35.7,10.0,0.512,0.467,0.411,0.314,2
BIN_043,node/6469711661,28.598465,77.191168,waste_basket,MCD/NDMC,500,Recyclable/Dry,27.3,3.42,3.932842596593126,22.75,81.8,21.3,0.313,0.893,0.427,0.339,0
BIN_044,node/6469711662,28.598416,77.191142,waste_basket,MCD/NDMC,300,Organic/Wet,89.6,4.18,3.929177080499031,10.99,14.7,2.5,0.776,0.308,0.426,0.395,0
BIN_045,node/6469723359,28.600849,77.192391,waste_basket,MCD/NDMC,500,Recyclable/Dry,35.2,3.23,4.1177387644979815,21.01,80.4,20.1,0.361,0.849,0.447,0.346,0
BIN_046,node/6469723360,28.600813,77.192371,waste_basket,MCD/NDMC,500,Organic/Wet,93.4,3.53,4.114922268573625,10.55,11.5,1.9,0.779,0.282,0.446,0.385,0
BIN_047,node/6469723361,28.600843,77.192571,waste_basket,MCD/NDMC,800,Mixed Municipal,53.4,4.82,4.109839942649186,13.93,20.2,9.7,0.545,0.398,0.446,0.303,0
BIN_048,node/6469723362,28.600864,77.192583,waste_basket,MCD/NDMC,800,Mixed Municipal,86.4,3.46,4.111527189946164,15.13,24.4,3.9,0.728,0.444,0.446,0.408,0
BIN_049,node/6470184611,28.592494,77.188073,waste_basket,MCD/NDMC,300,Organic/Wet,64.5,5.09,3.5347950769404473,11.61,14.4,7.0,0.633,0.319,0.383,0.335,1
BIN_050,node/6470184612,28.592515,77.188308,waste_basket,MCD/NDMC,300,Recyclable/Dry,88.4,3.3,3.522767325462291,23.45,72.5,3.5,0.736,0.862,0.382,0.55,1
BIN_051,node/6470184613,28.592575,77.188129,waste_basket,MCD/NDMC,500,Recyclable/Dry,83.1,2.73,3.538703920946633,22.01,76.5,6.2,0.679,0.851,0.384,0.518,1
BIN_052,node/6470184615,28.592413,77.188226,waste_basket,MCD/NDMC,800,Mixed Municipal,82.3,3.75,3.5186004531144857,15.28,27.7,4.7,0.71,0.464,0.382,0.418,1
BIN_053,node/6470184620,28.570605,77.169221,waste_basket,MCD/NDMC,500,Recyclable/Dry,49.3,2.84,4.00026968361705,22.48,86.0,17.9,0.446,0.909,0.434,0.409,1
BIN_054,node/6474793167,28.572795,77.162954,waste_basket,MCD/NDMC,300,Recyclable/Dry,42.4,3.36,4.636170383991551,18.68,78.4,17.1,0.416,0.79,0.503,0.345,1
BIN_055,node/6474793168,28.572566,77.162305,waste_basket,MCD/NDMC,500,Organic/Wet,29.9,4.08,4.695724457040009,10.57,13.2,17.2,0.354,0.291,0.509,0.163,1
BIN_056,node/6474825710,28.577498,77.173351,waste_basket,MCD/NDMC,500,Recyclable/Dry,24.0,2.21,3.7575919543846514,19.58,81.2,34.4,0.247,0.823,0.408,0.289,1
BIN_057,node/6474825711,28.574927,77.168472,waste_basket,MCD/NDMC,500,Recyclable/Dry,60.3,4.44,4.145385704589698,21.69,83.1,8.9,0.58,0.877,0.45,0.463,1
BIN_058,node/6474825712,28.574826,77.167559,waste_basket,MCD/NDMC,300,Recyclable/Dry,22.0,2.2,4.230401011254069,19.85,77.9,35.5,0.232,0.812,0.459,0.268,1
BIN_059,node/6474825713,28.573808,77.165199,waste_basket,MCD/NDMC,800,Recyclable/Dry,32.2,2.43,4.436298523411596,21.98,77.4,27.9,0.312,0.855,0.481,0.316,1
BIN_060,node/6474825715,28.573416,77.164341,waste_basket,MCD/NDMC,300,Recyclable/Dry,94.5,2.7,4.51206977527663,22.07,81.9,2.0,0.758,0.879,0.489,0.545,1
BIN_061,node/6474825717,28.57404,77.165755,waste_basket,MCD/NDMC,500,Recyclable/Dry,47.8,2.62,4.387196040068786,21.56,77.6,19.9,0.428,0.847,0.476,0.373,1
BIN_062,node/6474825719,28.575354,77.168648,waste_basket,MCD/NDMC,500,Organic/Wet,86.7,3.12,4.138757101240767,10.73,5.5,4.3,0.718,0.256,0.449,0.346,1
BIN_063,node/6474825720,28.573076,77.163563,waste_basket,MCD/NDMC,500,Organic/Wet,33.5,4.42,4.581597300484484,10.7,9.9,15.0,0.392,0.277,0.497,0.18,1
BIN_064,node/6474825721,28.575726,77.169441,waste_basket,MCD/NDMC,500,Organic/Wet,49.2,3.14,4.072636853764672,11.73,11.4,16.2,0.456,0.307,0.442,0.232,1
BIN_065,node/6474825725,28.573381,77.164801,waste_basket,MCD/NDMC,500,Recyclable/Dry,25.5,2.41,4.467070174379094,22.78,81.9,30.9,0.264,0.895,0.485,0.304,1
BIN_066,node/6474825726,28.57451,77.166824,waste_basket,MCD/NDMC,500,Organic/Wet,50.3,4.73,4.294007160059923,11.67,14.4,10.5,0.52,0.321,0.466,0.263,1
BIN_067,node/6474960125,28.548596,77.189219,waste_basket,MCD/NDMC,500,Organic/Wet,95.0,4.16,2.898057350085222,11.59,14.4,1.2,0.813,0.319,0.314,0.439,2
BIN_068,node/6475259570,28.568867,77.213442,waste_basket,MCD/NDMC,800,Organic/Wet,27.4,3.05,0.3838866460227018,10.64,6.0,23.8,0.3,0.257,0.042,0.219,0
BIN_069,node/6490310051,28.516465,77.223323,waste_disposal,MCD/NDMC,2500,Mixed Municipal,73.2,6.04,5.789673853508749,13.84,34.8,4.4,0.727,0.469,0.628,0.379,3
BIN_070,node/6490310052,28.523139,77.235049,waste_disposal,MCD/NDMC,2000,Mixed Municipal,74.3,4.97,5.476289112708609,15.04,29.2,5.2,0.697,0.466,0.594,0.37,3
BIN_071,node/6616640804,28.570759,77.240116,waste_basket,MCD/NDMC,500,Mixed Municipal,33.8,3.21,2.9674772326503347,14.84,32.1,20.6,0.351,0.477,0.322,0.254,3
BIN_072,node/6620973564,28.538587,77.198811,waste_basket,MCD/NDMC,500,Recyclable/Dry,80.6,2.93,3.3640647573092783,23.45,77.4,6.6,0.668,0.886,0.365,0.527,2
BIN_073,node/6720753129,28.515193,77.20537,waste_disposal,MCD/NDMC,2500,Mixed Municipal,78.6,6.22,5.80058246433949,15.33,37.9,3.4,0.772,0.516,0.629,0.415,2
BIN_074,node/6749964764,28.539818,77.242677,waste_basket,MCD/NDMC,500,Organic/Wet,45.0,5.48,4.411008556890856,12.31,10.1,10.0,0.51,0.313,0.478,0.253,3
BIN_075,node/6750512444,28.540814,77.242348,waste_disposal,MCD/NDMC,2500,Mixed Municipal,86.1,8.33,4.31159955453815,13.25,25.8,1.7,0.899,0.411,0.468,0.479,3
BIN_076,node/6812482598,28.519299,77.207621,waste_basket,MCD/NDMC,300,Mixed Municipal,26.5,3.73,5.331469670355273,14.69,27.2,19.7,0.318,0.449,0.578,0.178,2
BIN_077,node/6833896542,28.522222,77.16837,waste_disposal,MCD/NDMC,1500,Mixed Municipal,78.7,7.19,6.445800040782638,13.73,29.9,3.0,0.807,0.442,0.699,0.396,2
BIN_078,node/6834036200,28.522936,77.18064,waste_disposal,MCD/NDMC,2500,Mixed Municipal,96.0,8.22,5.69646534360218,14.95,26.7,0.5,0.965,0.452,0.618,0.494,2
BIN_079,node/6853514737,28.614792,77.233762,waste_basket,MCD/NDMC,800,Organic/Wet,95.6,5.12,5.778212224745796,11.97,10.5,0.9,0.851,0.307,0.627,0.393,0
BIN_080,node/6862917578,28.565024,77.163268,waste_disposal,MCD/NDMC,1500,Mixed Municipal,26.6,4.9,4.570213261750021,14.9,34.3,15.0,0.361,0.489,0.496,0.228,1
BIN_081,node/6961335190,28.533041,77.152124,waste_disposal,MCD/NDMC,1500,Mixed Municipal,31.4,8.07,6.810551960434413,13.56,30.9,8.5,0.507,0.443,0.739,0.239,2
BIN_082,node/7013728993,28.524654,77.189941,waste_basket,MCD/NDMC,500,Organic/Wet,38.5,5.64,5.1205800286278915,11.66,13.6,10.9,0.47,0.316,0.555,0.219,2
BIN_083,node/7013728997,28.527148,77.190113,waste_basket,MCD/NDMC,800,Recyclable/Dry,49.5,3.2,4.858759513202063,20.25,82.7,15.8,0.46,0.845,0.527,0.378,2
BIN_084,node/7013729003,28.525827,77.189924,waste_basket,MCD/NDMC,500,Organic/Wet,51.6,3.76,5.001019560476249,11.16,9.3,12.9,0.495,0.284,0.542,0.224,2
BIN_085,node/7013729008,28.525196,77.189909,waste_basket,MCD/NDMC,500,Recyclable/Dry,73.1,3.86,5.066142426672616,22.34,84.8,7.0,0.649,0.9,0.55,0.485,2
BIN_086,node/7013729010,28.526394,77.189948,waste_basket,MCD/NDMC,300,Organic/Wet,54.0,4.59,4.942047916890961,11.46,5.8,10.0,0.541,0.273,0.536,0.245,2
BIN_087,node/7150717314,28.574415,77.168682,waste_disposal,MCD/NDMC,2000,Mixed Municipal,89.5,4.67,4.113875570916143,13.03,39.5,2.2,0.793,0.475,0.446,0.45,1
BIN_088,node/7150717317,28.572648,77.169606,waste_disposal,MCD/NDMC,2000,Mixed Municipal,74.2,5.51,3.9908980245313685,15.31,38.8,4.7,0.715,0.52,0.433,0.427,1
BIN_089,node/8284509723,28.516942,77.179717,recycling,MCD/NDMC,1000,Recyclable/Dry,43.0,3.04,6.323004194538773,18.88,77.8,18.8,0.409,0.791,0.686,0.305,2
BIN_090,node/8339612102,28.533174,77.217832,recycling,Malik Recycler,1000,Recyclable/Dry,77.5,3.46,3.860081564826089,23.48,86.8,6.5,0.666,0.934,0.419,0.529,3
BIN_091,node/8339647415,28.532861,77.218532,recycling,MCD/NDMC,1000,Recyclable/Dry,50.8,2.64,3.908158910336892,23.08,91.3,18.6,0.45,0.948,0.424,0.424,3
BIN_092,node/8375317477,28.558656,77.228148,recycling,Prem Gupta,1000,Recyclable/Dry,70.5,2.92,2.0108888510034926,19.03,80.7,10.1,0.597,0.809,0.218,0.498,3
BIN_093,node/8375360191,28.578063,77.20107,recycling,Rajesh Trader,1000,Recyclable/Dry,48.1,3.16,1.4897711171364512,20.44,78.9,16.4,0.449,0.83,0.162,0.441,0
BIN_094,node/8426912850,28.505545,77.198764,recycling,Monu,1000,Recyclable/Dry,41.8,2.58,6.943025930447706,19.8,82.7,22.6,0.384,0.835,0.753,0.292,2
BIN_095,node/8455268502,28.572281,77.167404,recycling,kabari wala,1000,Recyclable/Dry,30.4,3.18,4.197953830291473,20.56,85.2,21.9,0.326,0.864,0.455,0.331,1
BIN_096,node/9446471202,28.614097,77.230915,waste_basket,MCD/NDMC,300,Mixed Municipal,26.5,4.8,5.600297419853462,14.04,28.7,15.3,0.356,0.442,0.607,0.189,0
BIN_097,node/9446471203,28.61406,77.231405,waste_basket,MCD/NDMC,800,Recyclable/Dry,57.5,3.94,5.614051055323437,19.32,77.4,10.8,0.543,0.798,0.609,0.389,0
BIN_098,node/9446471204,28.613784,77.230889,waste_basket,MCD/NDMC,800,Organic/Wet,64.4,5.49,5.566995392195534,12.0,8.9,6.5,0.646,0.3,0.604,0.292,0
BIN_099,node/9446471205,28.613771,77.2314,waste_basket,MCD/NDMC,300,Organic/Wet,74.0,3.23,5.5840777519064995,10.77,5.1,8.0,0.633,0.255,0.606,0.272,0
BIN_100,node/9446471207,28.611643,77.230853,waste_basket,MCD/NDMC,500,Recyclable/Dry,79.1,3.82,5.344839077998642,23.07,80.5,5.5,0.69,0.894,0.58,0.497,0
BIN_101,node/9446471208,28.61162,77.231273,waste_basket,MCD/NDMC,300,Organic/Wet,36.2,3.82,5.358246234228941,10.91,7.5,16.7,0.389,0.27,0.581,0.159,0
BIN_102,node/9446471209,28.611915,77.231321,waste_basket,MCD/NDMC,800,Recyclable/Dry,58.9,2.06,5.390251045938017,18.73,74.8,20.0,0.486,0.773,0.585,0.358,0
BIN_103,node/9446471210,28.611932,77.230831,waste_basket,MCD/NDMC,500,Recyclable/Dry,26.9,4.42,5.373695750634539,20.04,84.7,16.5,0.346,0.85,0.583,0.311,0
BIN_104,node/9504493214,28.552661,77.23716,waste_disposal,MCD/NDMC,2500,Mixed Municipal,78.9,4.62,3.10639801267905,14.01,27.0,4.6,0.717,0.433,0.337,0.421,3
BIN_105,node/10012582041,28.589997,77.216698,waste_basket,MCD/NDMC,500,Recyclable/Dry,47.3,2.04,2.6179127110624805,19.56,72.5,25.8,0.404,0.779,0.284,0.379,0
BIN_106,node/10012607021,28.589845,77.214856,waste_basket,MCD/NDMC,500,Organic/Wet,60.1,4.04,2.5623160233597453,11.37,14.0,9.9,0.564,0.312,0.278,0.32,0
BIN_107,node/10012734981,28.596144,77.223247,waste_basket,MCD/NDMC,500,Organic/Wet,31.5,5.85,3.4685883640551376,11.74,13.6,11.7,0.429,0.318,0.376,0.234,0
BIN_108,node/10013073724,28.592353,77.22364,waste_basket,MCD/NDMC,800,Organic/Wet,58.4,5.94,3.0978631394189353,11.02,9.6,7.0,0.62,0.283,0.336,0.328,0
BIN_109,node/10049649306,28.543879,77.191727,waste_basket,MCD/NDMC,300,Recyclable/Dry,30.0,2.32,3.1479361110120485,19.7,71.4,30.2,0.293,0.777,0.341,0.311,2
BIN_110,node/10049649307,28.547282,77.183626,waste_basket,MCD/NDMC,300,Organic/Wet,89.9,4.04,3.3971600140721274,11.78,6.8,2.5,0.773,0.285,0.368,0.398,2
BIN_111,node/10049649308,28.548928,77.184663,waste_basket,MCD/NDMC,500,Recyclable/Dry,33.2,2.1,3.2018277005774727,19.36,73.5,31.8,0.307,0.78,0.347,0.318,2
BIN_112,node/10049649309,28.545688,77.182533,waste_basket,MCD/NDMC,300,Organic/Wet,36.1,4.38,3.59425227328232,10.68,6.2,14.6,0.409,0.258,0.39,0.204,2
BIN_113,node/10049649310,28.545517,77.182438,waste_basket,MCD/NDMC,300,Recyclable/Dry,69.0,4.0,3.613754280180108,21.95,70.7,7.8,0.625,0.821,0.392,0.481,2
BIN_114,node/10049730551,28.54392,77.181824,waste_disposal,MCD/NDMC,2500,Mixed Municipal,20.2,6.01,3.7780735184943435,14.28,27.4,13.3,0.355,0.441,0.41,0.228,2
BIN_115,node/10049751874,28.545331,77.191712,waste_basket,MCD/NDMC,800,Organic/Wet,92.1,4.61,3.01716697657599,11.69,14.9,1.7,0.809,0.323,0.327,0.436,2
BIN_116,node/10049751875,28.544933,77.191472,waste_basket,MCD/NDMC,300,Recyclable/Dry,31.5,2.16,3.0667486041594207,21.16,83.0,31.7,0.297,0.866,0.333,0.342,2
BIN_117,node/10049751876,28.544715,77.191703,waste_basket,MCD/NDMC,300,Recyclable/Dry,87.6,2.08,3.0732624317442956,22.72,83.5,6.0,0.687,0.901,0.333,0.547,2
BIN_118,node/10231074876,28.558958,77.195821,waste_basket,MCD/NDMC,300,Organic/Wet,64.0,3.55,1.6605748981566728,10.71,12.4,10.1,0.574,0.29,0.18,0.338,2
BIN_119,node/10539043217,28.587767,77.247941,waste_basket,MCD/NDMC,800,Organic/Wet,57.0,4.03,4.353857384390091,11.57,7.3,10.7,0.542,0.283,0.472,0.262,0
BIN_120,node/10554245165,28.619519,77.22753,recycling,MCD/NDMC,1000,Recyclable/Dry,65.6,3.7,6.064116879632273,20.28,86.0,9.3,0.591,0.862,0.658,0.422,0
BIN_121,node/10778001993,28.599938,77.225889,waste_basket,MCD/NDMC,500,Recyclable/Dry,46.3,2.95,3.9571141404533865,21.43,80.2,18.2,0.429,0.857,0.429,0.386,0
BIN_122,node/10778010111,28.596152,77.223272,waste_basket,MCD/NDMC,800,Recyclable/Dry,92.8,2.83,3.470332521344772,19.72,79.0,2.5,0.75,0.815,0.376,0.544,0
BIN_123,node/10778012934,28.596957,77.223206,waste_basket,MCD/NDMC,300,Organic/Wet,26.9,5.55,3.551236635014848,11.23,9.9,13.2,0.386,0.289,0.385,0.202,0
BIN_124,node/10778018660,28.596278,77.223279,waste_basket,MCD/NDMC,800,Organic/Wet,74.4,3.05,3.483606916474679,12.18,5.5,8.4,0.629,0.287,0.378,0.325,0
BIN_125,node/10778045808,28.595765,77.223462,waste_basket,MCD/NDMC,800,Mixed Municipal,96.1,2.51,3.4375299343924803,14.44,33.8,1.6,0.762,0.476,0.373,0.449,0
BIN_126,node/10778053839,28.599175,77.226156,waste_disposal,MCD/NDMC,2000,Mixed Municipal,63.4,8.22,3.8896913336534498,13.43,35.0,4.5,0.736,0.461,0.422,0.422,0
BIN_127,node/10933921000,28.548725,77.252934,waste_basket,MCD/NDMC,500,Organic/Wet,53.2,3.97,4.669436270207383,12.04,6.9,11.8,0.514,0.291,0.506,0.243,3
BIN_128,node/10933921841,28.549118,77.251349,waste_basket,MCD/NDMC,500,Organic/Wet,65.3,3.87,4.51127901637858,10.73,11.1,9.0,0.595,0.284,0.489,0.285,3
BIN_129,node/10933923914,28.548369,77.252082,waste_basket,MCD/NDMC,300,Organic/Wet,30.5,4.01,4.612583404405286,11.57,5.5,17.3,0.356,0.274,0.5,0.16,3
BIN_130,node/10945905636,28.550349,77.234861,waste_basket,MCD/NDMC,300,Mixed Municipal,73.2,3.14,3.0669446549942716,13.81,32.1,8.5,0.624,0.455,0.333,0.382,3
BIN_131,node/11101285452,28.550663,77.234676,waste_basket,MCD/NDMC,500,Recyclable/Dry,92.5,2.87,3.0314092022616186,20.86,77.4,2.6,0.75,0.831,0.329,0.558,3
BIN_132,node/11131967559,28.553668,77.240996,waste_basket,MCD/NDMC,800,Mixed Municipal,34.1,4.85,3.380556975714416,13.31,31.0,13.6,0.411,0.438,0.367,0.264,3
BIN_133,node/11152241096,28.584371,77.257962,recycling,MCD/NDMC,1000,Recyclable/Dry,85.7,3.94,5.057733775541758,18.83,87.6,3.6,0.74,0.839,0.549,0.512,0
BIN_134,node/11238019379,28.550734,77.234513,waste_basket,MCD/NDMC,300,Recyclable/Dry,83.5,2.41,3.0139470852084544,19.51,72.9,6.8,0.67,0.78,0.327,0.504,3
BIN_135,node/11255333236,28.583968,77.240529,waste_basket,MCD/NDMC,800,Organic/Wet,88.4,4.58,3.5162059765071882,11.83,10.2,2.5,0.782,0.303,0.381,0.405,0
BIN_136,node/11255350765,28.583974,77.240532,waste_basket,MCD/NDMC,800,Recyclable/Dry,49.4,3.6,3.5167607880824243,20.46,88.9,14.1,0.474,0.88,0.381,0.425,0
BIN_137,node/11255359209,28.583173,77.23945,waste_basket,MCD/NDMC,800,Recyclable/Dry,59.2,4.37,3.3800258796158436,20.81,80.1,9.3,0.57,0.844,0.367,0.465,0
BIN_138,node/11255385139,28.583168,77.239449,waste_basket,MCD/NDMC,800,Organic/Wet,62.4,4.65,3.3796857792135135,10.96,14.0,8.1,0.602,0.303,0.367,0.319,0
BIN_139,node/11256811231,28.584087,77.240984,waste_basket,SDMC,800,Organic/Wet,93.3,3.85,3.560941590015905,12.31,11.2,1.7,0.79,0.318,0.386,0.413,0
BIN_140,node/11256811232,28.584085,77.240983,waste_basket,SDMC,800,Recyclable/Dry,81.9,2.85,3.560682302644972,21.64,80.7,6.4,0.675,0.864,0.386,0.519,0
BIN_141,node/11257939838,28.583841,77.240937,waste_basket,SDMC,800,Recyclable/Dry,81.5,4.73,3.5426916674395375,21.6,84.1,3.9,0.739,0.88,0.384,0.557,0
BIN_142,node/11257950511,28.583844,77.240927,waste_basket,SDMC,800,Organic/Wet,78.0,4.25,3.541970896865902,10.8,8.1,5.2,0.697,0.27,0.384,0.353,0
BIN_143,node/11263844764,28.553883,77.23569,waste_basket,MCD/NDMC,300,Recyclable/Dry,84.1,2.86,2.9133727483075815,22.31,85.8,5.6,0.69,0.904,0.316,0.553,3
BIN_144,node/11263867453,28.553644,77.235683,waste_basket,MCD/NDMC,300,Recyclable/Dry,31.7,3.99,2.9263808831062867,19.14,77.2,17.1,0.364,0.794,0.317,0.357,3
BIN_145,node/11264487320,28.560507,77.193757,waste_disposal,MCD/NDMC,2500,Mixed Municipal,66.7,4.55,1.752182057679727,14.02,36.6,7.3,0.629,0.482,0.19,0.421,2
BIN_146,node/11304900473,28.590778,77.227897,waste_basket,MCD/NDMC,500,Recyclable/Dry,46.7,4.4,3.1508372004371084,21.5,84.9,12.1,0.483,0.882,0.342,0.438,0
BIN_147,node/11559154641,28.604919,77.228898,waste_basket,NDMC,800,Organic/Wet,68.0,4.36,4.582091428909264,10.95,9.2,7.3,0.631,0.279,0.497,0.3,0
BIN_148,node/11559173281,28.604914,77.228902,waste_basket,NDMC,800,Recyclable/Dry,40.0,2.75,4.581757906492026,23.06,77.4,21.8,0.378,0.878,0.497,0.353,0
BIN_149,node/11648825604,28.550824,77.234428,waste_basket,MCD/NDMC,500,Recyclable/Dry,21.8,3.98,3.00129906653043,19.01,86.5,19.6,0.294,0.837,0.326,0.333,3
BIN_150,node/11704272915,28.549083,77.251798,recycling,MCD/NDMC,1000,Recyclable/Dry,25.4,3.44,4.552232474266494,21.76,88.1,21.7,0.3,0.904,0.494,0.323,3
BIN_151,node/11711018803,28.601325,77.227057,waste_basket,MCD/NDMC,300,Organic/Wet,38.4,3.37,4.143890315294958,12.18,14.1,18.3,0.389,0.33,0.449,0.203,0
BIN_152,node/11750283526,28.582928,77.243495,waste_basket,MCD/NDMC,300,Organic/Wet,37.7,3.93,3.709006750978427,12.17,8.3,15.9,0.404,0.301,0.402,0.212,0
BIN_153,node/11750283531,28.582636,77.243502,waste_basket,MCD/NDMC,500,Organic/Wet,67.1,5.36,3.6943847556440694,11.99,7.1,6.1,0.66,0.291,0.401,0.337,0
BIN_154,node/11750283558,28.582883,77.243497,waste_basket,MCD/NDMC,300,Organic/Wet,57.5,4.4,3.7068162368687387,12.23,14.2,9.7,0.559,0.331,0.402,0.299,0
BIN_155,node/11764164711,28.569034,77.249185,waste_basket,MCD/NDMC,800,Recyclable/Dry,65.1,2.62,3.83211579307183,18.66,86.4,13.3,0.549,0.829,0.416,0.44,3
BIN_156,node/11764165780,28.571056,77.240339,waste_basket,MCD/NDMC,300,Organic/Wet,37.2,3.83,2.9936327576361976,11.12,12.8,16.4,0.397,0.301,0.325,0.224,3
BIN_157,node/11764165825,28.571164,77.240402,waste_basket,MCD/NDMC,300,Recyclable/Dry,87.1,3.39,3.0014233156497574,23.38,78.3,3.8,0.73,0.889,0.326,0.567,3
BIN_158,node/11764165882,28.568643,77.249675,waste_basket,MCD/NDMC,500,Organic/Wet,53.3,4.19,3.8778546581190834,11.1,8.1,11.1,0.522,0.277,0.421,0.26,3
BIN_159,node/11766115242,28.549589,77.244737,waste_basket,MCD/NDMC,500,Organic/Wet,85.3,4.13,3.917235951021523,11.44,11.2,3.6,0.744,0.3,0.425,0.377,3
BIN_160,node/11766134571,28.550285,77.246028,waste_basket,MCD/NDMC,500,Organic/Wet,57.5,4.6,3.9898626129984387,11.93,10.3,9.2,0.566,0.306,0.433,0.288,3
BIN_161,node/11766134589,28.550213,77.245129,waste_basket,MCD/NDMC,500,Recyclable/Dry,78.8,2.19,3.9165242157826268,19.01,76.0,9.7,0.63,0.785,0.425,0.465,3
BIN_162,node/11766134609,28.549724,77.245111,waste_basket,MCD/NDMC,300,Mixed Municipal,85.5,4.95,3.9415026921839016,14.32,32.0,2.9,0.775,0.465,0.428,0.441,3
BIN_163,node/11766134614,28.550977,77.24642,waste_basket,MCD/NDMC,800,Organic/Wet,59.4,3.59,3.9882554216400434,11.6,7.5,11.3,0.544,0.285,0.433,0.271,3
BIN_164,node/11766134637,28.550033,77.245456,waste_basket,MCD/NDMC,500,Organic/Wet,76.2,4.67,3.9540652511669556,11.64,13.9,5.1,0.7,0.317,0.429,0.359,3
BIN_165,node/11766134647,28.550056,77.24557,waste_basket,MCD/NDMC,800,Mixed Municipal,93.7,4.91,3.9625998965766676,14.51,32.1,1.3,0.831,0.469,0.43,0.47,3
BIN_166,node/11766362698,28.5516,77.246583,waste_basket,MCD/NDMC,300,Organic/Wet,77.4,4.9,3.97166902589627,11.15,5.9,4.6,0.716,0.267,0.431,0.352,3
BIN_167,node/11771960416,28.548475,77.192922,waste_basket,MCD/NDMC,800,Organic/Wet,91.0,5.11,2.6677511558515428,12.25,11.4,1.8,0.819,0.318,0.289,0.447,2
BIN_168,node/11795892107,28.592779,77.255844,recycling,MCD/NDMC,1000,Recyclable/Dry,48.3,4.56,5.303662377784142,21.62,80.7,11.3,0.5,0.864,0.575,0.394,0
BIN_169,node/11806603449,28.619588,77.206075,waste_basket,MCD/NDMC,300,Recyclable/Dry,87.2,2.91,5.83790153680277,20.23,83.9,4.4,0.714,0.85,0.633,0.485,0
BIN_170,node/11821159416,28.610055,77.199345,waste_basket,MCD/NDMC,300,Mixed Municipal,96.9,3.91,4.87746448155169,14.95,21.7,0.8,0.817,0.427,0.529,0.431,0
BIN_171,node/11824828545,28.573487,77.263478,waste_basket,MCD/NDMC,500,Organic/Wet,74.5,5.23,5.268977629869614,11.47,10.1,4.9,0.708,0.295,0.572,0.328,3
BIN_172,node/11824860796,28.572634,77.263289,waste_basket,MCD/NDMC,500,Organic/Wet,90.2,3.4,5.23893393069732,11.79,9.2,2.9,0.752,0.297,0.568,0.352,3
BIN_173,node/11834282077,28.597757,77.146319,waste_basket,MCD/NDMC,500,Recyclable/Dry,58.9,4.04,7.0858369330417865,22.61,79.5,10.2,0.556,0.879,0.769,0.388,1
BIN_174,node/11843038951,28.592516,77.164048,waste_basket,MCD/NDMC,300,Organic/Wet,30.9,3.32,5.29696701647525,11.49,12.2,20.8,0.334,0.306,0.575,0.144,1
BIN_175,node/11843038955,28.592344,77.163798,waste_basket,MCD/NDMC,300,Organic/Wet,58.6,4.9,5.307579571541926,11.96,7.5,8.4,0.585,0.292,0.576,0.265,1
BIN_176,node/11843038957,28.591603,77.16549,waste_basket,MCD/NDMC,500,Recyclable/Dry,47.6,3.06,5.123732828929334,20.52,83.9,17.1,0.442,0.856,0.556,0.367,1
BIN_177,node/11843066075,28.591562,77.165343,waste_basket,MCD/NDMC,800,Organic/Wet,85.3,3.2,5.133515039716797,10.68,12.7,4.6,0.711,0.291,0.557,0.331,1
BIN_178,node/11843066086,28.591674,77.164975,waste_basket,MCD/NDMC,500,Mixed Municipal,50.9,4.87,5.170644416203387,14.8,29.2,10.1,0.53,0.461,0.561,0.291,1
BIN_179,node/11843066099,28.591727,77.16484,waste_basket,MCD/NDMC,800,Organic/Wet,32.6,4.62,5.184894304662539,11.47,7.7,14.6,0.393,0.283,0.562,0.169,1
BIN_180,node/11843066119,28.592341,77.164209,waste_basket,MCD/NDMC,800,Recyclable/Dry,57.0,3.56,5.273237560800413,23.28,72.8,12.1,0.526,0.86,0.572,0.406,1
BIN_181,node/11843066131,28.591786,77.165422,waste_basket,MCD/NDMC,300,Organic/Wet,55.9,4.79,5.140161602612356,11.33,12.0,9.2,0.562,0.301,0.558,0.26,1
BIN_182,node/11843066147,28.592143,77.164694,waste_basket,MCD/NDMC,300,Organic/Wet,28.0,3.02,5.221514383710293,10.5,14.7,23.8,0.303,0.297,0.566,0.128,1
BIN_183,node/11843066152,28.591649,77.165142,waste_basket,MCD/NDMC,300,Recyclable/Dry,60.7,3.73,5.155292617150981,23.31,84.2,10.5,0.558,0.917,0.559,0.442,1
BIN_184,node/11843066161,28.591182,77.163933,waste_basket,MCD/NDMC,300,Mixed Municipal,76.5,4.4,5.229325920369672,14.9,29.6,5.3,0.692,0.465,0.567,0.372,1
BIN_185,node/11843066178,28.59247,77.164434,waste_basket,MCD/NDMC,500,Mixed Municipal,24.0,4.23,5.262338958173366,15.26,29.7,18.0,0.319,0.473,0.571,0.187,1
BIN_186,node/11843066180,28.592006,77.164457,waste_basket,MCD/NDMC,500,Organic/Wet,56.9,4.67,5.233042201585668,11.68,15.0,9.2,0.564,0.324,0.568,0.266,1
BIN_187,node/11843066195,28.591808,77.164337,waste_basket,MCD/NDMC,300,Organic/Wet,52.9,3.35,5.231518530720267,11.96,6.9,14.1,0.49,0.289,0.567,0.218,1
BIN_188,node/11854065841,28.569478,77.239337,waste_basket,MCD/NDMC,500,Recyclable/Dry,70.3,3.31,2.87616799907592,18.77,78.2,9.0,0.61,0.791,0.312,0.48,3
BIN_189,node/11871519888,28.550067,77.235375,waste_basket,MCD/NDMC,500,Organic/Wet,61.4,5.65,3.125851297700719,11.62,9.8,6.8,0.631,0.296,0.339,0.337,3
BIN_190,node/11873232749,28.597469,77.140444,waste_basket,MCD/NDMC,500,Organic/Wet,71.6,4.62,7.579943001896044,11.64,13.0,6.1,0.666,0.313,0.822,0.262,1
BIN_191,node/11873300822,28.598069,77.140751,waste_basket,MCD/NDMC,500,Recyclable/Dry,56.0,3.04,7.583054557133553,20.63,85.8,14.5,0.5,0.868,0.823,0.346,1
BIN_192,node/11873300892,28.597403,77.141634,waste_basket,MCD/NDMC,800,Organic/Wet,25.5,5.8,7.4727089513429155,10.87,8.8,12.8,0.385,0.275,0.811,0.113,1
BIN_193,node/11873300897,28.597529,77.140808,waste_basket,MCD/NDMC,300,Organic/Wet,65.3,4.44,7.55108005851776,10.68,5.4,7.8,0.615,0.254,0.819,0.22,1
BIN_194,node/11873300906,28.597277,77.140593,waste_basket,MCD/NDMC,300,Organic/Wet,77.1,4.57,7.55745703952929,10.68,8.4,5.0,0.702,0.269,0.82,0.268,1
BIN_195,node/11873300925,28.596864,77.140208,waste_basket,MCD/NDMC,300,Organic/Wet,66.0,5.15,7.571065244334614,11.09,13.5,6.6,0.645,0.304,0.821,0.249,1
BIN_196,node/11873300984,28.596751,77.140663,waste_basket,MCD/NDMC,300,Mixed Municipal,29.7,3.48,7.525586245446827,13.11,21.6,20.2,0.332,0.387,0.816,0.119,1
BIN_197,node/11873301035,28.597979,77.141122,waste_basket,MCD/NDMC,800,Recyclable/Dry,89.0,4.46,7.546173946423967,19.79,80.6,2.5,0.782,0.824,0.819,0.474,1
BIN_198,node/11873301049,28.596749,77.140451,waste_basket,MCD/NDMC,500,Mixed Municipal,51.3,2.66,7.544119695553325,15.47,31.2,18.3,0.454,0.485,0.818,0.209,1
BIN_199,node/11896843337,28.596507,77.133787,waste_basket,MCD/NDMC,800,Organic/Wet,50.0,3.14,8.124016435840142,12.16,6.2,15.9,0.462,0.29,0.881,0.142,1
BIN_200,node/11896843341,28.596491,77.134127,waste_basket,MCD/NDMC,300,Mixed Municipal,36.9,4.07,8.092918675612239,15.07,32.0,15.5,0.403,0.481,0.878,0.17,1
BIN_201,node/11896843354,28.596476,77.134613,waste_basket,MCD/NDMC,500,Recyclable/Dry,58.3,3.29,8.048730864096397,21.13,74.7,12.7,0.525,0.823,0.873,0.335,1
BIN_202,node/11896843366,28.596475,77.134589,waste_basket,MCD/NDMC,800,Mixed Municipal,22.7,4.37,8.050860678125067,14.16,29.3,17.7,0.314,0.448,0.873,0.117,1
BIN_203,node/11896860182,28.596511,77.133335,waste_basket,MCD/NDMC,800,Mixed Municipal,57.2,3.18,8.16458814396829,14.14,25.9,13.5,0.514,0.431,0.886,0.209,1
BIN_204,node/11896860183,28.596476,77.134802,waste_basket,MCD/NDMC,300,Mixed Municipal,77.3,4.83,8.031896632987642,13.09,24.9,4.7,0.713,0.403,0.871,0.303,1
BIN_205,node/11901174283,28.596494,77.132558,waste_basket,MCD/NDMC,300,Organic/Wet,61.5,3.15,8.233521488276216,10.51,12.0,12.2,0.543,0.284,0.893,0.178,1
BIN_206,node/11901174321,28.596493,77.13264,waste_basket,MCD/NDMC,800,Organic/Wet,88.9,3.18,8.226115550695958,12.29,14.9,3.5,0.735,0.336,0.892,0.29,1
BIN_207,node/11901202817,28.596086,77.132025,waste_basket,MCD/NDMC,500,Mixed Municipal,87.4,3.86,8.263561804089786,14.43,29.9,3.3,0.749,0.457,0.896,0.332,1
BIN_208,node/11917576644,28.55283,77.252143,waste_basket,MCD/NDMC,500,Recyclable/Dry,32.5,2.39,4.415123714831867,22.84,74.4,28.2,0.313,0.858,0.479,0.318,3
BIN_209,node/11917576645,28.552912,77.252149,waste_basket,MCD/NDMC,300,Organic/Wet,34.8,5.1,4.4124549265908355,12.36,6.1,12.8,0.425,0.294,0.479,0.205,3
BIN_210,node/11925861374,28.596833,77.132435,waste_basket,MCD/NDMC,800,Mixed Municipal,84.0,2.51,8.259458114654239,14.16,33.2,6.4,0.677,0.468,0.896,0.3,1
BIN_211,node/11930142840,28.607437,77.130642,waste_basket,MCD/NDMC,300,Mixed Municipal,40.2,4.39,8.94744691178399,13.0,28.3,13.6,0.438,0.418,0.971,0.15,1
BIN_212,node/11930142860,28.607404,77.130906,waste_basket,MCD/NDMC,300,Organic/Wet,49.4,3.35,8.92328780095747,11.15,10.6,15.1,0.465,0.29,0.968,0.126,1
BIN_213,node/11930142863,28.607465,77.1311,waste_basket,MCD/NDMC,300,Recyclable/Dry,53.7,2.05,8.91030944633063,19.14,75.1,22.6,0.449,0.783,0.966,0.266,1
BIN_214,node/11930149771,28.607611,77.130948,waste_basket,MCD/NDMC,800,Organic/Wet,33.6,5.37,8.931296109239655,10.86,12.5,12.4,0.426,0.294,0.969,0.108,1
BIN_215,node/11934956976,28.539773,77.156641,waste_basket,MCD/NDMC,500,Mixed Municipal,56.9,4.27,6.038347235306963,13.42,31.6,10.1,0.55,0.444,0.655,0.277,2
BIN_216,node/11934956977,28.558253,77.172146,waste_basket,MCD/NDMC,300,Organic/Wet,54.8,5.03,3.8283740513230167,12.2,14.9,9.0,0.563,0.334,0.415,0.299,2
BIN_217,node/11939611531,28.543229,77.198549,waste_basket,MCD/NDMC,500,Recyclable/Dry,49.0,4.05,2.8906117822799535,20.42,71.2,12.6,0.487,0.791,0.314,0.418,2
BIN_218,node/11939611533,28.543459,77.19797,waste_basket,MCD/NDMC,800,Organic/Wet,93.7,4.41,2.889560992383303,10.5,6.6,1.4,0.813,0.257,0.313,0.421,2
BIN_219,node/11939611539,28.542818,77.199033,waste_basket,MCD/NDMC,300,Mixed Municipal,85.5,3.25,2.9150105176802295,14.32,32.4,4.5,0.714,0.467,0.316,0.434,2
BIN_220,node/11939611540,28.542927,77.198951,waste_basket,MCD/NDMC,500,Organic/Wet,22.4,5.89,2.906754690908968,10.76,13.7,13.2,0.366,0.298,0.315,0.209,2
BIN_221,node/11939611541,28.54368,77.199448,waste_basket,MCD/NDMC,500,Mixed Municipal,54.5,4.4,2.810999951142537,15.14,34.5,10.3,0.538,0.495,0.305,0.357,2
BIN_222,node/11960776693,28.542063,77.245688,waste_disposal,MCD/NDMC,2500,Mixed Municipal,36.6,5.42,4.467899488036484,14.02,38.4,11.7,0.449,0.491,0.485,0.275,3
BIN_223,node/11989736415,28.596832,77.133122,waste_basket,MCD/NDMC,300,Recyclable/Dry,95.5,3.18,8.197989851432105,20.34,85.6,1.4,0.782,0.861,0.889,0.471,1
BIN_224,node/11989736438,28.596836,77.132789,waste_basket,MCD/NDMC,300,Mixed Municipal,79.4,4.61,8.227916109986026,14.94,31.6,4.5,0.72,0.476,0.892,0.324,1
BIN_225,node/12016319488,28.592062,77.161752,waste_basket,MCD/NDMC,500,Organic/Wet,82.1,4.85,5.462486240824571,10.57,14.2,3.7,0.747,0.296,0.592,0.344,1
BIN_226,node/12016319491,28.591893,77.16134,waste_basket,MCD/NDMC,500,Organic/Wet,35.6,4.29,5.4877228509962945,10.75,11.9,15.0,0.402,0.288,0.595,0.168,1
BIN_227,node/12043151906,28.576529,77.195934,waste_basket,MCD/NDMC,500,Organic/Wet,44.2,5.39,1.7213071006643839,11.66,7.7,10.4,0.501,0.287,0.187,0.299,0
BIN_228,node/12047180710,28.593265,77.16286,waste_basket,MCD/NDMC,500,Organic/Wet,66.8,4.44,5.439468462564436,10.64,8.9,7.5,0.626,0.271,0.59,0.276,1
BIN_229,node/12047180721,28.593093,77.162944,waste_basket,MCD/NDMC,300,Recyclable/Dry,57.5,2.1,5.422393208802668,22.8,84.0,20.2,0.477,0.906,0.588,0.393,1
BIN_230,node/12051436802,28.524838,77.237182,waste_disposal,MCD/NDMC,1500,Mixed Municipal,58.9,5.07,5.407220608978962,13.61,39.8,8.1,0.593,0.489,0.587,0.326,3
BIN_231,node/12201587961,28.596836,77.141175,waste_basket,MCD/NDMC,500,Recyclable/Dry,60.4,2.82,7.484785868929397,21.3,70.2,14.0,0.523,0.805,0.812,0.341,1
BIN_232,node/12201827520,28.596463,77.139758,waste_basket,MCD/NDMC,300,Organic/Wet,30.4,4.19,7.591401775699501,10.57,5.8,16.6,0.362,0.254,0.823,0.092,1
BIN_233,node/12201827539,28.596463,77.139704,waste_basket,MCD/NDMC,500,Recyclable/Dry,28.2,2.42,7.596195237297873,22.5,73.6,29.7,0.284,0.847,0.824,0.231,1
BIN_234,node/12208838307,28.568711,77.244355,waste_basket,MCD/NDMC,500,Recyclable/Dry,62.2,2.13,3.359208079313483,18.66,86.9,17.7,0.511,0.832,0.364,0.432,3
BIN_235,node/12409599136,28.619472,77.240627,waste_basket,MCD/NDMC,500,Mixed Municipal,83.6,3.35,6.5364263580526885,14.79,32.0,4.9,0.704,0.475,0.709,0.353,0
BIN_236,node/12409605297,28.617342,77.240623,waste_basket,MCD/NDMC,300,Mixed Municipal,70.2,3.63,6.32658027950688,14.37,32.3,8.2,0.621,0.468,0.686,0.313,0
BIN_237,node/12409605298,28.618005,77.2406,waste_basket,MCD/NDMC,500,Recyclable/Dry,32.4,2.62,6.390667593488504,18.91,71.1,25.8,0.32,0.758,0.693,0.249,0
BIN_238,node/12676198656,28.59048,77.168354,waste_basket,MCD/NDMC,800,Organic/Wet,81.6,3.55,4.820621958597007,12.45,8.4,5.2,0.698,0.307,0.523,0.336,1
BIN_239,node/12690343991,28.608688,77.140365,waste_basket,MCD/NDMC,500,Organic/Wet,97.7,3.69,8.2163742437887,11.61,12.2,0.6,0.815,0.308,0.891,0.322,1
BIN_240,node/12712532177,28.602785,77.227939,waste_basket,MCD/NDMC,800,Recyclable/Dry,22.4,2.18,4.3272274479809445,19.5,82.2,35.6,0.234,0.826,0.469,0.271,0
BIN_241,node/12712686013,28.602791,77.227921,waste_basket,MCD/NDMC,300,Organic/Wet,53.2,5.23,4.327134365007661,12.24,12.3,8.9,0.559,0.322,0.469,0.282,0
BIN_242,node/12915988673,28.574075,77.230171,recycling,MCD/NDMC,1000,Recyclable/Dry,23.1,4.97,2.1129257485697406,20.23,81.3,15.5,0.339,0.837,0.229,0.375,0
BIN_243,node/12950860525,28.600511,77.223761,recycling,MCD/NDMC,1000,Recyclable/Dry,76.6,3.6,3.9401698920555317,22.84,84.8,6.5,0.664,0.91,0.427,0.52,0
BIN_244,node/12950988317,28.600787,77.22406,waste_disposal,MCD/NDMC,2000,Mixed Municipal,97.4,7.12,3.9790499518089826,14.49,36.9,0.4,0.935,0.493,0.432,0.529,0
BIN_245,node/12950996893,28.600806,77.224074,recycling,MCD/NDMC,1000,Recyclable/Dry,56.3,3.46,3.9815039055273065,19.92,81.1,12.6,0.517,0.83,0.432,0.421,0
BIN_246,node/12951006713,28.600517,77.223767,waste_disposal,MCD/NDMC,1500,Mixed Municipal,90.9,7.36,3.9410277503541544,14.83,27.0,1.2,0.898,0.451,0.427,0.499,0
BIN_247,node/12965729419,28.579983,77.186185,recycling,MCD/NDMC,1000,Recyclable/Dry,34.1,4.93,2.7255576290796637,19.4,79.0,13.4,0.414,0.808,0.296,0.39,1
BIN_248,node/13027860780,28.618895,77.136173,waste_basket,Cantonment Board,800,Organic/Wet,60.2,4.34,9.219387742006381,10.99,13.7,9.2,0.576,0.303,1.0,0.179,1
BIN_249,node/13096639852,28.538977,77.216482,waste_disposal,MCD/NDMC,1500,Mixed Municipal,44.3,7.11,3.2015142005243638,14.66,26.4,7.8,0.563,0.444,0.347,0.345,3
BIN_250,node/13142376101,28.5459,77.214583,waste_basket,MCD/NDMC,300,Mixed Municipal,50.9,4.0,2.4103593401789363,13.02,28.8,12.3,0.499,0.421,0.261,0.323,3
BIN_251,node/13142481302,28.546019,77.215097,waste_basket,MCD/NDMC,300,Organic/Wet,55.0,3.99,2.4072665777914106,12.27,9.4,11.3,0.527,0.308,0.261,0.304,3
BIN_252,node/13142481305,28.545412,77.214684,waste_basket,MCD/NDMC,500,Organic/Wet,39.7,5.85,2.4654997139660937,11.4,10.9,10.3,0.486,0.297,0.267,0.279,3
BIN_253,node/13290319705,28.597682,77.145931,waste_basket,MCD/NDMC,300,Organic/Wet,81.0,4.6,7.115101737323007,11.71,8.6,4.1,0.731,0.292,0.772,0.299,1
BIN_254,node/13572628390,28.591489,77.230932,recycling,MCD/NDMC,1000,Recyclable/Dry,63.5,4.66,3.38706135356728,22.03,82.6,7.8,0.61,0.882,0.367,0.496,0
BIN_255,node/13574024746,28.590104,77.229207,waste_basket,MCD/NDMC,500,Organic/Wet,24.0,3.69,3.1629108796750156,12.47,6.2,20.6,0.299,0.297,0.343,0.17,0
BIN_256,node/13574906009,28.573079,77.230491,recycling,MCD/NDMC,1000,Recyclable/Dry,26.9,2.95,2.105091413495836,21.7,78.8,24.8,0.293,0.856,0.228,0.358,0
BIN_257,node/13580529631,28.574769,77.2091,waste_basket,MCD/NDMC,300,Recyclable/Dry,73.5,3.2,0.8461515542882571,21.94,77.2,8.3,0.628,0.853,0.092,0.552,0
BIN_258,node/13580529640,28.575435,77.209406,waste_basket,MCD/NDMC,300,Organic/Wet,60.7,3.76,0.9175459959971374,12.45,10.8,10.5,0.559,0.319,0.1,0.355,0
BIN_259,node/13595321370,28.573649,77.207729,waste_basket,MCD/NDMC,300,Recyclable/Dry,93.3,2.36,0.7506241559668739,19.13,72.4,2.8,0.737,0.769,0.081,0.583,0
BIN_260,node/13595321398,28.574707,77.208939,waste_basket,MCD/NDMC,500,Organic/Wet,38.3,3.47,0.8410944744554537,10.88,12.3,17.8,0.392,0.293,0.091,0.266,0
BIN_261,node/13595351131,28.573565,77.210035,waste_basket,MCD/NDMC,800,Organic/Wet,21.4,4.12,0.7077196256408634,11.82,14.8,19.1,0.296,0.326,0.077,0.231,0
BIN_262,node/13595351137,28.573699,77.208211,waste_basket,MCD/NDMC,300,Recyclable/Dry,82.0,2.28,0.7434212060182281,22.82,83.8,7.9,0.655,0.905,0.081,0.583,0
BIN_263,node/13624932402,28.542405,77.165023,waste_basket,MCD/NDMC,800,Recyclable/Dry,65.0,3.67,5.186411838986831,23.2,84.9,9.5,0.586,0.919,0.563,0.456,2
BIN_264,node/13624932403,28.539393,77.164729,waste_basket,MCD/NDMC,300,Organic/Wet,97.5,5.6,5.395528571114204,11.71,8.2,0.4,0.882,0.29,0.585,0.411,2
BIN_265,node/13624932405,28.537902,77.165051,waste_basket,MCD/NDMC,500,Organic/Wet,79.7,4.95,5.466882880124671,11.08,6.1,4.1,0.734,0.266,0.593,0.328,2
BIN_266,node/13624932501,28.541656,77.164633,waste_basket,MCD/NDMC,800,Organic/Wet,87.8,3.95,5.26324388648165,12.3,13.8,3.1,0.755,0.331,0.571,0.363,2
BIN_267,node/13624932502,28.537719,77.167671,waste_basket,MCD/NDMC,300,Organic/Wet,67.6,4.89,5.27624381225511,11.8,8.3,6.6,0.647,0.293,0.572,0.297,2
BIN_268,node/13624932601,28.540445,77.164562,waste_basket,MCD/NDMC,500,Organic/Wet,54.7,4.64,5.342865287308779,11.6,11.0,9.8,0.548,0.302,0.58,0.249,2
BIN_269,node/13624932701,28.540032,77.16463,waste_basket,MCD/NDMC,300,Recyclable/Dry,59.0,3.9,5.363043027680354,19.34,81.6,10.5,0.552,0.82,0.582,0.406,2
BIN_270,node/13624932702,28.537914,77.166264,waste_basket,MCD/NDMC,500,Mixed Municipal,28.5,4.53,5.371463465910522,15.12,33.7,15.8,0.361,0.49,0.583,0.211,2
BIN_271,node/13624932801,28.53898,77.164552,waste_basket,MCD/NDMC,300,Recyclable/Dry,62.9,2.99,5.436023995608124,19.73,78.6,12.4,0.547,0.813,0.59,0.399,2
BIN_272,node/13624932802,28.538619,77.164434,waste_basket,MCD/NDMC,500,Recyclable/Dry,89.9,3.08,5.468701822071049,21.11,84.8,3.3,0.739,0.874,0.593,0.513,2
BIN_273,node/13624933001,28.537845,77.16662,waste_basket,MCD/NDMC,300,Mixed Municipal,57.4,2.99,5.348536496632007,14.64,25.7,14.2,0.508,0.44,0.58,0.27,2
BIN_274,node/13624933201,28.537756,77.167663,waste_basket,MCD/NDMC,300,Organic/Wet,92.5,5.01,5.274304561110605,11.73,10.2,1.5,0.826,0.301,0.572,0.389,2
BIN_275,node/13624933802,28.537824,77.169189,waste_basket,MCD/NDMC,500,Recyclable/Dry,96.2,3.0,5.15347159774321,18.95,82.9,1.3,0.78,0.818,0.559,0.524,2
BIN_276,node/13624933804,28.539237,77.169914,waste_basket,MCD/NDMC,800,Recyclable/Dry,34.4,4.0,4.999692081074656,19.12,85.5,16.4,0.383,0.835,0.542,0.334,2
BIN_277,node/13624933805,28.540011,77.170247,waste_basket,MCD/NDMC,300,Recyclable/Dry,26.8,3.06,4.920886166477272,19.43,86.5,23.9,0.296,0.846,0.534,0.295,2
BIN_278,node/13624933806,28.540551,77.170365,waste_basket,MCD/NDMC,800,Organic/Wet,69.8,3.01,4.8750554227514575,11.55,6.1,10.0,0.596,0.276,0.529,0.275,2
BIN_279,node/13624933902,28.542531,77.170172,waste_basket,MCD/NDMC,500,Recyclable/Dry,48.1,2.44,4.759848411306553,22.47,81.6,21.3,0.424,0.886,0.516,0.374,2
BIN_280,node/13624934101,28.538429,77.169494,waste_basket,MCD/NDMC,800,Recyclable/Dry,77.1,2.76,5.087845217376926,21.28,74.6,8.3,0.638,0.826,0.552,0.456,2
BIN_281,node/13624934102,28.543298,77.168461,waste_basket,MCD/NDMC,800,Recyclable/Dry,53.1,2.37,4.850116215636669,22.55,83.8,19.8,0.456,0.899,0.526,0.393,2
BIN_282,node/13624934701,28.541534,77.170693,waste_basket,MCD/NDMC,300,Organic/Wet,33.9,4.61,4.783696994929392,12.24,9.7,14.3,0.401,0.309,0.519,0.19,2
BIN_283,node/13624934801,28.542644,77.170123,waste_basket,MCD/NDMC,300,Organic/Wet,69.3,3.77,4.756539316533349,10.91,11.4,8.1,0.619,0.289,0.516,0.293,2
BIN_284,node/13746020733,28.547551,77.1938,waste_basket,MCD/NDMC,300,Organic/Wet,54.5,5.03,2.697609570184161,11.05,11.0,9.0,0.561,0.29,0.293,0.309,2
BIN_285,node/13746020744,28.547901,77.192587,waste_basket,MCD/NDMC,500,Recyclable/Dry,67.1,4.05,2.738120785822629,18.58,76.1,8.1,0.614,0.776,0.297,0.48,2
BIN_286,node/13746020760,28.547357,77.194419,waste_basket,MCD/NDMC,300,Mixed Municipal,66.5,4.11,2.6803610688348836,14.93,24.0,8.2,0.612,0.438,0.291,0.379,2
BIN_287,node/13746020764,28.549123,77.193288,waste_basket,MCD/NDMC,500,Organic/Wet,84.9,4.33,2.589250358475993,11.19,11.2,3.5,0.748,0.294,0.281,0.406,2
BIN_288,node/13780597076,28.569769,77.204688,waste_basket,MCD/NDMC,500,Organic/Wet,73.1,4.78,0.5922319701557183,11.78,7.7,5.6,0.682,0.289,0.064,0.415,0
BIN_289,node/13807545497,28.592341,77.260452,waste_basket,MCD/NDMC,300,Organic/Wet,48.3,4.14,5.664395850055931,10.88,5.5,12.5,0.485,0.259,0.614,0.198,0
BIN_290,node/13807550234,28.593283,77.261857,waste_basket,MCD/NDMC,800,Organic/Wet,95.0,3.27,5.835388124001897,11.17,10.8,1.5,0.781,0.292,0.633,0.352,0
BIN_291,node/13807550239,28.593031,77.260862,waste_basket,MCD/NDMC,500,Recyclable/Dry,84.1,3.06,5.737169277818612,19.35,77.4,5.2,0.698,0.799,0.622,0.464,0
BIN_292,node/13807550244,28.590953,77.260593,waste_basket,MCD/NDMC,300,Organic/Wet,29.3,4.15,5.601965588522327,12.46,9.7,17.0,0.353,0.314,0.608,0.149,0
BIN_293,node/13813316365,28.565486,77.189202,waste_basket,MCD/NDMC,800,Organic/Wet,72.4,3.73,2.040007526971416,11.97,12.7,7.4,0.64,0.318,0.221,0.371,2
BIN_294,node/13813322380,28.565604,77.189219,waste_basket,MCD/NDMC,300,Organic/Wet,59.5,4.83,2.0371838921500594,12.08,13.6,8.4,0.588,0.325,0.221,0.348,2
BIN_295,node/13820104447,28.566616,77.23231,waste_disposal,MCD/NDMC,2000,Mixed Municipal,46.7,5.41,2.179744986566716,13.16,26.8,9.9,0.519,0.414,0.236,0.337,3
BIN_296,node/13952451605,28.572023,77.210253,waste_basket,MCD/NDMC,300,Organic/Wet,41.8,5.48,0.5369072770415261,10.98,10.1,10.6,0.488,0.284,0.058,0.317,0
BIN_297,node/13952451750,28.57053,77.210821,waste_basket,MCD/NDMC,800,Mixed Municipal,64.2,3.94,0.37886861767323354,13.4,31.8,9.1,0.59,0.444,0.041,0.42,0
BIN_298,node/13952451840,28.571577,77.210649,waste_basket,MCD/NDMC,300,Recyclable/Dry,72.6,3.57,0.49082173867732515,20.49,79.7,7.7,0.635,0.835,0.053,0.557,0
BIN_299,node/13969467561,28.57163,77.171787,waste_basket,MCD/NDMC,500,Recyclable/Dry,45.2,4.05,3.7640338911777365,19.21,73.8,13.5,0.461,0.778,0.408,0.382,1
BIN_300,node/13969634650,28.571562,77.212077,waste_basket,MCD/NDMC,300,Organic/Wet,92.8,4.72,0.5257549167266274,10.95,14.6,1.5,0.818,0.306,0.057,0.489,0
BIN_301,node/13969639636,28.570766,77.215067,waste_basket,MCD/NDMC,500,Organic/Wet,90.1,3.42,0.634059567830517,11.13,11.1,2.9,0.752,0.293,0.069,0.45,0
BIN_302,node/13984656378,28.572548,77.209886,waste_basket,MCD/NDMC,800,Organic/Wet,29.5,5.0,0.59475261273224,12.41,13.3,14.1,0.384,0.331,0.065,0.279,0
BIN_303,node/13984656533,28.569911,77.216397,waste_basket,MCD/NDMC,500,Recyclable/Dry,29.5,3.94,0.6936514638071758,19.66,71.4,17.9,0.347,0.776,0.075,0.391,0
BIN_304,node/13984656609,28.571431,77.210229,waste_basket,MCD/NDMC,500,Mixed Municipal,20.0,4.63,0.4709404794144557,15.19,24.2,17.3,0.305,0.444,0.051,0.276,0
BIN_305,node/14009416521,28.583951,77.22256,waste_basket,MCD/NDMC,300,Recyclable/Dry,35.0,3.41,2.2301013264948697,20.32,77.0,19.1,0.366,0.818,0.242,0.38,0
BIN_306,node/14009416527,28.583719,77.222737,waste_basket,MCD/NDMC,300,Organic/Wet,53.6,3.89,2.218271825933767,12.01,11.2,11.9,0.514,0.312,0.241,0.302,0
BIN_307,node/14014222189,28.58089,77.214739,waste_basket,MCD/NDMC,300,Organic/Wet,73.9,3.53,1.5910373426523614,12.07,7.7,7.4,0.643,0.296,0.173,0.376,0
BIN_308,node/14029112704,28.58574,77.214366,waste_basket,MCD/NDMC,500,Recyclable/Dry,33.6,2.55,2.1051267552754767,19.64,74.2,26.0,0.326,0.789,0.228,0.354,0
BIN_309,node/14029112743,28.585741,77.214466,waste_basket,MCD/NDMC,500,Recyclable/Dry,71.0,3.01,2.1072625414683586,22.12,84.3,9.6,0.604,0.893,0.229,0.524,0
BIN_310,node/14041030051,28.585687,77.218008,waste_basket,MCD/NDMC,300,Recyclable/Dry,95.2,2.97,2.1993031967400714,20.91,73.2,1.6,0.772,0.811,0.239,0.582,0
BIN_311,node/14041030058,28.584204,77.212646,waste_basket,MCD/NDMC,300,Organic/Wet,73.1,4.75,1.9083397863657272,11.34,12.9,5.7,0.681,0.306,0.207,0.391,0
BIN_312,node/14100954488,28.560664,77.187813,waste_basket,MCD/NDMC,300,Recyclable/Dry,35.5,3.57,2.285392810508345,20.12,85.0,18.1,0.376,0.853,0.248,0.394,2
